url,label,result,largo_url,largo_hostname,largo_path,dimension_directorio,num_guionesbajos,num_arrobas,num_interrogacion,num_percent,num_puntos,num_iguales,num_http,num_https,num_www,num_numericos,num_letras,num_dir,manejo_ip,servicio,cluster
https://www.facebook.com/group.php?gid=252662640472,benign,0,51,16,10,9,0,0,1,0,3,1,1,1,1,12,30,1,1,1,3237
http://s522948764.online.de/ljkjljkj,malicious,1,36,20,9,8,0,0,0,0,2,0,1,0,0,9,21,1,1,1,3237
https://www.nopatternrequired.com/2011/03/ice-hockey-in-the-fifties/,benign,0,68,25,35,4,0,0,0,0,2,0,1,1,1,6,49,4,1,1,3237
https://www.showcase.com/Oakland/Oakland-Port-Jack-London__Commercial-Real-Estate,benign,0,81,16,57,7,2,0,0,0,2,0,1,1,1,0,67,2,1,1,3237
http://kitegacc.net/,malicious,1,20,12,1,0,0,0,0,0,1,0,1,0,0,0,15,1,1,1,3237
http://www.alfurkan.ru/templates/jw_puzo/images/www.hotmail.com/Additionalstorage/update/default.php,malicious,1,100,15,78,9,1,0,0,0,5,0,1,0,2,0,84,7,1,1,3237
https://www.mubi.com/films/laurentia,benign,0,36,12,16,5,0,0,0,0,2,0,1,1,1,0,29,2,1,1,3237
https://www.lequartz.com/?q=fr/content/antipodes-2010/duchesses-ENG,benign,0,67,16,1,0,0,0,1,0,2,1,1,1,1,4,50,1,1,1,3237
http://login.live.com.login.srf.wa.wsignin1.0rpsnv.11.ibnmansigroup.com/index.htm,malicious,1,81,64,10,9,0,0,0,0,11,0,1,0,0,4,62,1,1,1,3237
http://yasplast.ir/secure/antispam-protector/,malicious,1,45,11,27,6,0,0,0,0,1,0,1,0,0,0,37,3,1,1,3237
https://www.paulbates.com/tar-bridge-jacques-cartier-national-park-quebec-pictures-photos/,benign,0,90,17,65,63,0,0,0,0,2,0,1,1,1,0,75,2,1,1,3237
https://www.agoracollective.org/,benign,0,32,23,1,0,0,0,0,0,2,0,1,1,1,0,26,1,1,1,3237
https://www.acts29network.org/about/leadership/,benign,0,47,21,18,5,0,0,0,0,2,0,1,1,1,2,37,3,1,1,3237
https://www.digital.lib.washington.edu/findingaids/view?docId=DechmannLouisPHColl169.xml,benign,0,88,30,17,11,0,0,1,0,5,1,1,1,1,3,73,2,1,1,3237
https://www.123people.ca/s/patrick+bourcier,benign,0,43,16,19,1,0,0,0,0,2,0,1,1,1,3,32,2,1,1,3237
https://www.flickr.com/photos/lenlangevin/2435397736/,benign,0,53,14,31,6,0,0,0,0,2,0,1,1,1,10,34,4,1,1,3237
http://drajulianamachado.com.br/Dropbox/dropbox/,malicious,1,48,24,17,7,0,0,0,0,2,0,1,0,0,0,40,3,1,1,3237
http://ijung.net/wp/wp-admin/includes/support/en/B/,malicious,1,51,9,35,2,0,0,0,0,1,0,1,0,0,0,39,7,1,1,3237
https://www.gutenberg.org/files/17899/17899-h/17899-h.htm,benign,0,57,17,32,5,0,0,0,0,3,0,1,1,1,15,30,4,1,1,3237
https://www.artcorporationofamerica.com/Walter_Lantz.htm,benign,0,56,31,17,16,1,0,0,0,3,0,1,1,1,0,48,1,1,1,3237
https://www.english.turkcebilgi.com/Oldsmobile+Cutlass+Supreme,benign,0,62,27,27,26,0,0,0,0,3,0,1,1,1,0,53,1,1,1,3237
https://www.binkowski.org/page2.html,benign,0,36,17,11,10,0,0,0,0,3,0,1,1,1,1,28,1,1,1,3237
https://www.wn.com/nigger_(word),benign,0,32,10,14,13,1,0,0,0,2,0,1,1,1,0,23,1,1,1,3237
https://www.wn.com/interstate_35_accident,benign,0,41,10,23,22,2,0,0,0,2,0,1,1,1,2,31,1,1,1,3237
https://www.thinkexist.com/quotes/louise_arbour/,benign,0,48,18,22,6,1,0,0,0,2,0,1,1,1,0,39,3,1,-1,3237
https://www.homorazzi.com/article/so-you-think-you-can-dance-canada-cancelled-tre-armstrong-jean-marc-genereux-season-jordan-clark/,benign,0,131,17,106,7,0,0,0,0,2,0,1,1,1,0,108,3,1,1,3237
https://www.caluglobalonline.net/,benign,0,33,24,1,0,0,0,0,0,2,0,1,1,1,0,27,1,1,1,3237
http://chase.com.chasebankingonline.usa.cc/login.html,malicious,1,53,35,11,10,0,0,0,0,5,0,1,0,0,0,44,1,1,1,3237
https://www.nick.com/shows/,benign,0,27,12,7,5,0,0,0,0,2,0,1,1,1,0,20,2,1,1,3237
https://www.rsssf.com/tablesn/ncam-olyqual04.html,benign,0,49,13,28,7,0,0,0,0,3,0,1,1,1,2,38,2,1,1,3237
https://www.dkosopedia.com/wiki/Jefferson_County%2C_Kentucky/Election_results,benign,0,77,18,51,4,3,0,0,1,2,0,1,1,1,1,64,3,1,1,3237
https://www.ehow.com/how_2037687_volunteer-veterans-foreign.html,benign,0,64,12,44,43,2,0,0,0,3,0,1,1,1,7,46,1,1,1,3237
http://www.staffingaustralia.com.au/login.php?cmd=login_submit&id=917cf1ca964ad33c82440da47dd396c8917cf1ca964ad33c82440da47dd396c8&session=917cf1ca964ad33c82440da47dd396c8917cf1ca964ad33c82440da47dd396c8,malicious,1,203,28,10,9,1,0,1,0,4,3,1,0,1,80,108,1,1,1,3237
https://www.hmsnational.com/Homeowners.6.lasso,benign,0,46,19,19,18,0,0,0,0,4,0,1,1,1,1,37,1,1,1,3237
https://www.youtube.com/watch?v=yrZOMjUC8hw,benign,0,43,15,6,5,0,0,1,0,2,1,1,1,1,1,34,1,1,1,3237
http://drukarnia.lodz.pl/olsyi7,malicious,1,31,17,7,6,0,0,0,0,2,0,1,0,0,1,24,1,1,1,3237
https://www.nfl.com/teams/schedule?team=BAL,benign,0,43,11,15,5,0,0,1,0,2,1,1,1,1,0,34,2,1,1,3237
https://settings-security.000webhostapp.com/Payment-update-0.html?count=0&amp;fb_bmpos=login_failed&amp;fb_source=bookmark_apps&amp;ref=bookmarks,malicious,1,145,35,22,21,4,0,1,0,3,4,1,1,0,5,115,1,1,1,3237
https://www.pensacola.craigslist.org/laf/2646773223.html,benign,0,56,28,20,3,0,0,0,0,4,0,1,1,1,10,37,2,1,1,3237
https://visionsstar.com/modules/hermes,malicious,1,38,15,15,7,0,0,0,0,1,0,1,1,0,0,32,2,1,1,3237
https://www.en.wikipedia.org/wiki/Nick_Vachon,benign,0,45,20,17,4,1,0,0,0,3,0,1,1,1,0,36,2,1,1,3237
https://www.facebook.com/pages/WPKL/105603819473443,benign,0,51,16,27,5,0,0,0,0,2,0,1,1,1,15,28,3,1,1,3237
https://www.lro7.com/radio/Rev_FM_927,benign,0,37,12,17,5,2,0,0,0,2,0,1,1,1,4,24,2,1,1,3237
https://www.indianbluefilmswatchonlinefree.com/,benign,0,47,38,1,0,0,0,0,0,2,0,1,1,1,0,41,1,1,1,3237
https://www.0.dacafe.com/IP/,benign,0,28,16,4,2,0,0,0,0,3,0,1,1,1,1,19,2,1,1,3237
https://www.beijing-rental.net/,benign,0,31,22,1,0,0,0,0,0,2,0,1,1,1,0,24,1,1,1,3237
http://aloftrestaurant.com/secure/online/,malicious,1,41,19,15,6,0,0,0,0,1,0,1,0,0,0,34,3,1,-1,3237
https://www.manta.com/c/mm3myw0/hubert-reeves-iii-pc,benign,0,52,13,31,1,0,0,0,0,2,0,1,1,1,2,39,3,1,1,3237
http://recoveryacct99002108.000webhostapp.com/payment-update-01.html?a=,malicious,1,71,38,23,22,0,0,1,0,3,1,1,0,0,13,47,1,1,1,3237
https://www.sportsillustrated.cnn.com/vault/cover/featured/7704/index.htm,benign,0,73,29,36,5,0,0,0,0,4,0,1,1,1,4,57,5,1,1,3237
http://www.kloshpro.com/js/db/b/db/a/8/dropbx.z/document.html,malicious,1,61,16,38,2,0,0,0,0,4,0,1,0,1,1,45,8,1,1,3237
https://www.countrystudies.us/united-states/history-15.htm,benign,0,58,21,29,13,0,0,0,0,3,0,1,1,1,2,46,2,1,1,3237
https://www.en.wikipedia.org/wiki/20th_century,benign,0,46,20,18,4,1,0,0,0,3,0,1,1,1,2,35,2,1,1,3237
http://colocanocarrinho.com.br/doc/share/2015/index.htm,malicious,1,55,23,25,3,0,0,0,0,3,0,1,0,0,4,41,4,1,1,3237
https://www.topics.nytimes.com/topics/reference/timestopics/people/c/jocelyne_couturenowak/index.html,benign,0,101,22,71,6,1,0,0,0,4,0,1,1,1,0,86,7,1,1,3237
https://www.brighthub.com/multimedia/video/articles/101316.aspx,benign,0,63,17,38,10,0,0,0,0,3,0,1,1,1,6,47,4,1,1,3237
https://www.en.wikipedia.org/wiki/Jeff_Stinco,benign,0,45,20,17,4,1,0,0,0,3,0,1,1,1,0,36,2,1,1,3237
http://www.funnyidcard.com/n3yt/WaL0e/4!@_1.php...,malicious,1,50,19,24,4,1,1,0,0,6,0,1,0,1,4,31,3,1,1,3237
http://bdt.com.pl/nato/LoginVerification.php,malicious,1,44,10,27,4,0,0,0,0,3,0,1,0,0,0,36,2,1,-1,3237
https://www.eagletribune.com/obituaries/x850292021/Robert-T-Kalil-48,benign,0,68,20,40,10,0,0,0,0,2,0,1,1,1,11,46,3,1,1,3237
http://ofertacar.com/lzdp0id1,malicious,1,29,13,9,8,0,0,0,0,1,0,1,0,0,2,22,1,1,1,3237
https://www.youtube.com/watch?v=b1mtcyaWdHo,benign,0,43,15,6,5,0,0,1,0,2,1,1,1,1,1,34,1,1,1,3237
http://beyrockrenovating.com.au/all/,malicious,1,36,24,5,3,0,0,0,0,2,0,1,0,0,0,29,2,1,1,3237
http://www.dhal3.com/images/nab/index.php,malicious,1,41,13,21,6,0,0,0,0,3,0,1,0,1,1,31,3,1,1,3237
https://www.guimet-grandidier.fr/html/4/outils/bibliographie_a.htm,benign,0,66,24,34,4,1,0,0,0,3,0,1,1,1,1,53,4,1,1,3237
http://pkgeneralcontracting.com/87nft3,malicious,1,38,24,7,6,0,0,0,0,1,0,1,0,0,3,30,1,1,1,3237
https://www.kansascitymohotels.net/,benign,0,35,26,1,0,0,0,0,0,2,0,1,1,1,0,29,1,1,1,3237
https://www.en.wikipedia.org/wiki/Jacques_Trudel,benign,0,48,20,20,4,1,0,0,0,3,0,1,1,1,0,39,2,1,1,3237
https://www.usa-people-search.com/Find-Pat-Shaughnessy.aspx,benign,0,59,25,26,25,0,0,0,0,3,0,1,1,1,0,48,1,1,1,3237
http://deco-inonline.com/Sign-On/login/login.php?cmd=login_submit&amp;id=f5147cd269e0fc37936f992a50a47ef0f5147cd269e0fc37936f992a50a47ef0&amp;session=f5147cd269e0fc37936f992a50a47ef0f5147cd269e0fc37936f992a50a47ef0,malicious,1,214,17,24,7,1,0,1,0,2,3,1,0,0,84,111,3,1,1,3237
https://www.en-gb.facebook.com/diane.mcallister1,benign,0,48,22,18,17,0,0,0,0,4,0,1,1,1,1,38,1,1,1,3237
https://www.freepages.genealogy.rootsweb.ancestry.com/~eastozarka/montague/mtgx3.htm,benign,0,84,45,31,11,0,0,0,0,6,0,1,1,1,1,70,3,1,1,3237
https://www.rockit.moneymakerguy.com/category/andrea-fonseka/,benign,0,61,28,25,8,0,0,0,0,3,0,1,1,1,0,51,3,1,1,3237
https://www.imfdb.org/wiki/Tom_Savini,benign,0,37,13,16,4,1,0,0,0,2,0,1,1,1,0,29,2,1,1,3237
https://www.goal.com/en/teams/england/1843/tranmere-rovers-fc,benign,0,61,12,41,2,0,0,0,0,2,0,1,1,1,4,45,5,1,1,3237
https://www.twitter.com/EddieCibrian,benign,0,36,15,13,12,0,0,0,0,2,0,1,1,1,0,30,1,1,1,3237
https://www.thepiratebay.org/torrent/4134578/The_films_of_Kenneth_Anger_-_vol_1_(1947-1954)____DVD9,benign,0,99,20,71,7,12,0,0,0,2,0,1,1,1,17,58,3,1,1,3237
http://wrmedia.eps-int.com:8080/preaviso/ViewInvoice/?invoiceid=3951012,malicious,1,71,24,22,8,0,0,1,0,2,1,1,0,0,11,48,3,1,-1,3237
https://www.content.carnegiehall.org/,benign,0,37,28,1,0,0,0,0,0,3,0,1,1,1,0,30,1,1,1,3237
https://www.housingfinance.co.ug/online.html,malicious,1,44,24,12,11,0,0,0,0,4,0,1,1,1,0,36,1,1,1,3237
https://www.en.wikipedia.org/wiki/Restigouche_class_destroyer,benign,0,61,20,33,4,2,0,0,0,3,0,1,1,1,0,51,2,1,1,3237
https://www.merichina.com/,benign,0,26,17,1,0,0,0,0,0,2,0,1,1,1,0,20,1,1,1,3237
https://www.answers.com/topic/first-international-computer-inc,benign,0,62,15,39,5,0,0,0,0,2,0,1,1,1,0,52,2,1,1,3237
https://www.fandango.com/johnagar/filmography/p439,benign,0,50,16,26,8,0,0,0,0,2,0,1,1,1,3,39,3,1,1,3237
https://www.bizontv.com/2009/09/canal-savoir-canada.html,benign,0,56,15,33,4,0,0,0,0,3,0,1,1,1,6,39,3,1,1,3237
https://www.finestwatches.com/patek-philippe.html,benign,0,49,21,20,19,0,0,0,0,3,0,1,1,1,0,41,1,1,1,3237
https://www.coasttocoasttickets.com/nba/nba_basketball_playoffs_tickets.shtml,benign,0,77,27,42,3,3,0,0,0,3,0,1,1,1,0,66,2,1,1,3237
http://tinyurl.com/j473gll,malicious,1,26,11,8,7,0,0,0,0,1,0,1,0,0,3,18,1,1,-1,3237
https://www.kapuracu.com/,benign,0,25,16,1,0,0,0,0,0,2,0,1,1,1,0,19,1,1,1,3237
https://www.municipalite.saint-henri.qc.ca/nous-joindre,benign,0,55,34,13,12,0,0,0,0,4,0,1,1,1,0,45,1,1,1,3237
http://lawsnorders.eu/font/serverphp/cp.php?m=login,malicious,1,51,14,22,4,0,0,1,0,2,1,1,0,0,0,41,3,1,1,3237
http://www.ego-odszkodowania.pl/banksupport.com/banksupport.com/index/info.php?cmd=login_submit&amp,malicious,1,99,24,47,15,1,0,1,0,5,1,1,0,1,0,82,4,1,-1,3237
http://gulsproductions.com/css/student-of-the-year-movie-review-ndtv,malicious,1,68,19,42,3,0,0,0,0,1,0,1,0,0,0,56,2,1,1,3237
https://www.en.wikipedia.org/wiki/Jean_Davignon,benign,0,47,20,19,4,1,0,0,0,3,0,1,1,1,0,38,2,1,1,3237
https://www.mazeoftime.blogspot.com/,benign,0,36,27,1,0,0,0,0,0,3,0,1,1,1,0,29,1,1,-1,3237
http://capoeira10.net/components/Counter/post.php?email=abuse@motherfucker.com,malicious,1,78,14,28,10,0,1,1,0,3,1,1,0,0,2,64,3,1,1,3237
https://www.lyngsat-address.com/cc/CFCF-TV.html,benign,0,47,23,16,2,0,0,0,0,3,0,1,1,1,0,37,2,1,1,3237
https://www.ljworld.com/news/2011/nov/04/renewable-energy-options-be-studied-farmland-indus/,benign,0,92,15,69,4,0,0,0,0,2,0,1,1,1,6,69,6,1,1,3237
https://www.vimeo.com/14938058,benign,0,30,13,9,8,0,0,0,0,2,0,1,1,1,8,16,1,1,1,3237
https://www.campfireusaia.org/,benign,0,30,21,1,0,0,0,0,0,2,0,1,1,1,0,24,1,1,1,3237
http://infighter.co.uk/infodropboxdoc/dropbox/,malicious,1,46,15,24,14,0,0,0,0,2,0,1,0,0,0,38,3,1,1,3934
https://www.newadvent.org/cathen/13191c.htm,benign,0,43,17,18,6,0,0,0,0,3,0,1,1,1,5,30,2,1,1,3934
https://www.fanbase.com/Kentucky-Wildcats-Mens-Basketball-1963-64,benign,0,65,15,42,41,0,0,0,0,2,0,1,1,1,6,48,1,1,1,3934
https://www.remnantofgod.org/evilqueen.htm,benign,0,42,20,14,13,0,0,0,0,3,0,1,1,1,0,35,1,1,1,3934
http://www.ocm.eu/wedit/uploads/prodotti/64/usaaweb1.php...,malicious,1,59,10,42,5,0,0,0,0,6,0,1,0,1,3,42,5,1,1,3934
https://www.gantdaily.com/2011/05/15/phillys-fine-fill-in-despite-recent-slump-john-mayberry-jr-still-blossoming/,benign,0,113,17,88,4,0,0,0,0,2,0,1,1,1,8,84,5,1,1,3934
https://www.footballfanatics.com/COLLEGE_Kansas_State_Wildcats_T-Shirts,benign,0,71,24,39,38,4,0,0,0,2,0,1,1,1,0,60,1,1,1,3934
https://www.bizrate.com/home-hardware/garage-door-replacement-parts/,benign,0,68,15,45,13,0,0,0,0,2,0,1,1,1,0,56,3,1,1,3934
https://www.childrensdentistryofmurfreesboro.com/faq/,benign,0,53,40,5,3,0,0,0,0,2,0,1,1,1,0,46,2,1,1,3934
https://www.jazz.com/encyclopedia/corea-chick-armando-anthony,benign,0,61,12,41,12,0,0,0,0,2,0,1,1,1,0,51,2,1,1,3934
https://www.npr.org/templates/story/story.php?storyId=14524857,benign,0,62,11,26,9,0,0,1,0,3,1,1,1,1,8,43,3,1,1,3934
https://www.filmylinks4u.net/2010/12/godzilla-final-wars-2004-in-hindi/,benign,0,71,20,43,4,0,0,0,0,2,0,1,1,1,11,46,4,1,1,3934
https://www.metalearthart.com/,benign,0,30,21,1,0,0,0,0,0,2,0,1,1,1,0,24,1,1,-1,3934
https://www.theartsdesk.com/dance/my-summer-reading-ballerina-tamara-rojo,benign,0,73,19,46,5,0,0,0,0,2,0,1,1,1,0,61,2,1,1,3934
http://www.techdetal.ru/modules/blockcustomerprivacy/translations/include/,malicious,1,74,16,51,7,0,0,0,0,2,0,1,0,1,0,64,5,1,1,3934
https://www.rottentomatoes.com/m/pirate_radio/trailers/,benign,0,55,22,25,1,1,0,0,0,2,0,1,1,1,0,45,4,1,1,3934
https://www.factbites.com/topics/Quantum-leap,benign,0,45,17,20,6,0,0,0,0,2,0,1,1,1,0,37,2,1,1,3934
http://shorelinemotorsports.com/wp-includes/js/,malicious,1,47,24,16,11,0,0,0,0,1,0,1,0,0,0,39,3,1,1,3934
http://camionespanamericana.com/includes/seo/,malicious,1,45,24,14,8,0,0,0,0,1,0,1,0,0,0,38,3,1,1,3934
http://mnhotline.com/manage/,malicious,1,28,13,8,6,0,0,0,0,1,0,1,0,0,0,22,2,1,1,3934
https://www.muttbrothers.com/meetmutts.cfm,benign,0,42,20,14,13,0,0,0,0,3,0,1,1,1,0,35,1,1,1,3934
http://www.nadelaur.com/ww4pgc9,malicious,1,31,16,8,7,0,0,0,0,2,0,1,0,1,2,23,1,1,1,3934
https://www.texastwister.com/1996.htm,benign,0,37,20,9,8,0,0,0,0,3,0,1,1,1,4,26,1,1,1,3934
https://www.lisa.nasa.gov/,benign,0,26,17,1,0,0,0,0,0,3,0,1,1,1,0,19,1,1,1,3934
https://www.songlyrics.com/fisher-archie-lyrics/,benign,0,48,18,22,20,0,0,0,0,2,0,1,1,1,0,39,2,1,1,3934
https://www.reunion.com/lisahosey/,benign,0,34,15,11,9,0,0,0,0,2,0,1,1,1,0,27,2,1,1,3934
https://www.youtube.com/watch?v=J7deL1PpiGo,benign,0,43,15,6,5,0,0,1,0,2,1,1,1,1,2,33,1,1,1,3934
https://www.facebook.com/robert.bourassa,benign,0,40,16,16,15,0,0,0,0,3,0,1,1,1,0,33,1,1,1,3934
https://www.hamsphere.com/,benign,0,26,17,1,0,0,0,0,0,2,0,1,1,1,0,20,1,1,1,3934
https://www.forumjar.com/list/290,benign,0,33,16,9,4,0,0,0,0,2,0,1,1,1,3,23,2,1,1,3934
https://www.mormon-music.com/?page_id=212,benign,0,41,20,1,0,1,0,1,0,2,1,1,1,1,3,28,1,1,1,3934
https://www.tattoolettering.org/443-the-demons-eye.html,benign,0,55,23,24,23,0,0,0,0,3,0,1,1,1,3,42,1,1,1,3934
https://www.greatplainswindhcp.org/,benign,0,35,26,1,0,0,0,0,0,2,0,1,1,1,0,29,1,1,1,3934
https://www.thefreedictionary.com/crowned,benign,0,41,25,8,7,0,0,0,0,2,0,1,1,1,0,35,1,1,1,3934
https://www.ci.independence.mo.us/pl/,benign,0,37,25,4,2,0,0,0,0,4,0,1,1,1,0,28,2,1,1,3934
https://www.reviews.cnet.com/external-audio-adapters/msi-vox-ii-tv/1707-9335_7-32170513.html,benign,0,92,20,64,23,1,0,0,0,4,0,1,1,1,17,57,3,1,-1,3934
https://www.ww1photos.com/RoyalNavy_A.html,benign,0,42,17,17,16,1,0,0,0,3,0,1,1,1,1,33,1,1,1,3934
https://www.fleabusy.com/missouri/,benign,0,34,16,10,8,0,0,0,0,2,0,1,1,1,0,27,2,1,1,3934
http://epm.pl/aol/,malicious,1,18,6,5,3,0,0,0,0,1,0,1,0,0,0,12,2,1,1,3934
https://www.utepathletics.com/sports/m-baskbl/mtt/foster_greg01.html,benign,0,68,21,39,6,1,0,0,0,3,0,1,1,1,2,54,4,1,1,3934
https://www.en.wikipedia.org/wiki/Isabelle_Blais_(actress_and_singer),benign,0,69,20,41,4,4,0,0,0,3,0,1,1,1,0,55,2,1,1,3934
http://umginternational.com/Cdeim-eim2/index.htm,malicious,1,48,20,21,10,0,0,0,0,2,0,1,0,0,1,39,2,1,1,3934
https://www.wn.com/Walt_Disney_Studios_Motion_Pictures,benign,0,54,10,36,35,4,0,0,0,2,0,1,1,1,0,44,1,1,1,3934
https://www.facebook.com/pages/Jack-Soo/107706045926202,benign,0,55,16,31,5,0,0,0,0,2,0,1,1,1,15,31,3,1,1,3934
https://www.planetware.com/farmington/fort-necessity-national-battlefield-us-pa-fnnb.htm,benign,0,88,18,62,10,0,0,0,0,3,0,1,1,1,0,74,2,1,1,3934
https://www.theater.nytimes.com/2011/04/26/theater/reviews/the-house-of-blue-leaves-with-ben-stiller-and-edie-falco-review.html,benign,0,127,23,96,4,0,0,0,0,4,0,1,1,1,8,95,6,1,1,3934
https://www.cruiseshipcenters.ca/Page.aspx-URL-aeroplan.htm,benign,0,59,24,27,26,0,0,0,0,4,0,1,1,1,0,49,1,1,1,3934
https://www.flickr.com/photos/wordfreak/2243444828/,benign,0,51,14,29,6,0,0,0,0,2,0,1,1,1,10,32,4,1,1,3934
http://websamrat.in/8fh34f3/,malicious,1,28,12,9,7,0,0,0,0,1,0,1,0,0,4,18,2,1,1,3934
https://www.facebook.com/pages/MMG-Mardiks-PR/46373577694,benign,0,57,16,33,5,0,0,0,0,2,0,1,1,1,11,36,3,1,1,3934
https://www.itv.com/presscentre/vera/ep01week18/default.html,benign,0,60,11,41,11,0,0,0,0,3,0,1,1,1,4,46,4,1,1,3934
https://www.internationalrivers.org/social-and-environmental-standards/civil-society-letter-world-bank-dams,benign,0,107,27,72,34,0,0,0,0,2,0,1,1,1,0,92,2,1,1,3934
https://www.wharfedalefa.co.uk/minorcup.htm,benign,0,43,22,13,12,0,0,0,0,4,0,1,1,1,0,35,1,1,1,3934
http://lpmxpa11.com,malicious,1,19,12,0,0,0,0,0,0,1,0,1,0,0,2,13,0,1,1,3934
https://www.wareseeker.com/free-roi/,benign,0,36,18,10,8,0,0,0,0,2,0,1,1,1,0,28,2,1,1,3934
https://www.forthjunction.com/rail-heritage.htm,benign,0,47,21,18,17,0,0,0,0,3,0,1,1,1,0,39,1,1,1,3934
https://www.hfboards.com/showthread.php?p=1029475,benign,0,49,16,15,14,0,0,1,0,3,1,1,1,1,7,33,1,1,1,3934
https://www.manta.com/ic/mtzmwrh/ca/restaurant-gallos,benign,0,53,13,32,2,0,0,0,0,2,0,1,1,1,0,43,4,1,1,3934
http://rddningsoushitu.02ipad.com/jm0h5lvgnk.php\nnewsok.com/,malicious,1,61,26,28,26,0,0,0,0,4,0,1,0,0,4,47,2,1,1,3934
https://kingsfordiet.com/order/new%20excel/index.php,malicious,1,52,16,28,5,0,0,0,1,2,0,1,1,0,2,41,3,1,-1,3934
https://www.mp3bear.com/?q=leonard+cohen,benign,0,40,15,1,0,0,0,1,0,2,1,1,1,1,1,30,1,1,1,3934
https://www.yahoo.com,benign,0,21,13,0,0,0,0,0,0,2,0,1,1,1,0,16,0,1,1,3934
https://www.hockeydb.com/ihdb/stats/pdisplay.php?pid=1685,benign,0,57,16,24,4,0,0,1,0,3,1,1,1,1,4,42,3,1,1,3934
https://www.montrealgazette.com/news/McGill+students+want+apology+after+university+drops+accusations/5630607/story.html,benign,0,119,23,88,4,0,0,0,0,3,0,1,1,1,7,95,4,1,1,3934
http://www.pridewines.org/webmail,malicious,1,33,18,8,7,0,0,0,0,2,0,1,0,1,0,27,1,1,1,3934
https://www.kcmsd.net/Pages/winterschoolcancellations.aspx,benign,0,58,13,37,5,0,0,0,0,3,0,1,1,1,0,50,2,1,1,3934
https://www.villageofmatteson.org/,benign,0,34,25,1,0,0,0,0,0,2,0,1,1,1,0,28,1,1,1,3934
https://www.lyricsmode.com/lyrics/k/kat_tun/rescue.html,benign,0,55,18,29,6,1,0,0,0,3,0,1,1,1,0,44,4,1,1,3934
https://www.duiwashington.com/?engine=google,benign,0,44,21,1,0,0,0,1,0,2,1,1,1,1,0,36,1,1,1,3934
https://www.bucsdugout.com/2010/11/11/1807948/royce-clayton-to-portray-miguel-tejada-in-moneyball-movie,benign,0,103,18,77,4,0,0,0,0,2,0,1,1,1,15,70,5,1,-1,3934
http://rnaweb.nl/lib46,malicious,1,22,9,6,5,0,0,0,0,1,0,1,0,0,2,15,1,1,1,3934
https://www.en.goldenmap.com/Alfred_A._Arraj,benign,0,44,20,16,15,2,0,0,0,4,0,1,1,1,0,34,1,1,1,3934
https://www.sherdog.com/fighter/Rudy-Bears-23364,benign,0,48,15,25,7,0,0,0,0,2,0,1,1,1,5,34,2,1,1,3934
http://maboneng.com/wp-admin/network/docs/b8ca863cfa04e42fd62b488a9f1d70e4/,malicious,1,75,12,56,8,0,0,0,0,1,0,1,0,0,18,47,5,1,1,3934
https://www.myspace.com/liammelly,benign,0,33,15,10,9,0,0,0,0,2,0,1,1,1,0,27,1,1,1,3934
https://www.math.umass.edu/~rsellis/publications.html,benign,0,53,18,27,8,0,0,0,0,4,0,1,1,1,0,43,2,1,1,3934
https://www.karatedanielgauthier.com/?lang=en&section=karate&id=activites&sub=1,benign,0,79,28,1,0,0,0,1,0,2,4,1,1,1,1,64,1,1,1,3934
https://www.team100realty.com/article/denis-gauthier-757.asp,benign,0,60,21,31,7,0,0,0,0,3,0,1,1,1,6,44,2,1,1,3934
http://www.ladylinetattoo.org/09uh8ny,malicious,1,37,22,8,7,0,0,0,0,2,0,1,0,1,3,28,1,1,1,3934
https://www.goodreads.com/author/quotes/112258.Eric_Berne,benign,0,57,17,32,6,1,0,0,0,3,0,1,1,1,6,41,3,1,1,3934
https://www.skyscraperpage.com/cities/?buildingID=1363,benign,0,54,22,8,6,0,0,1,0,2,1,1,1,1,4,41,2,1,1,3934
https://www.jb.asm.org/content/182/23/6783.full,benign,0,47,14,25,7,0,0,0,0,4,0,1,1,1,9,27,4,1,1,3934
https://www.soulmusic.com/,benign,0,26,17,1,0,0,0,0,0,2,0,1,1,1,0,20,1,1,1,3934
http://agsteier.com/HSBC_BANK.STORAGE-DATA/new.html,malicious,1,51,12,32,22,1,0,0,0,3,0,1,0,0,0,41,2,1,1,3934
https://www.pipl.com/directory/people/McMillan/Binch,benign,0,52,12,32,9,0,0,0,0,2,0,1,1,1,0,43,4,1,1,3934
https://www.myspace.com/missionelite,benign,0,36,15,13,12,0,0,0,0,2,0,1,1,1,0,30,1,1,1,3934
https://www.omahanightlife.com/,benign,0,31,22,1,0,0,0,0,0,2,0,1,1,1,0,25,1,1,1,3934
https://www.en.wikipedia.org/wiki/1948_NAIA_Men%27s_Division_I_Basketball_Tournament,benign,0,84,20,56,4,6,0,0,1,3,0,1,1,1,6,63,2,1,1,3934
https://www.facebook.com/bowman.stan,benign,0,36,16,12,11,0,0,0,0,3,0,1,1,1,0,29,1,1,1,3934
https://www.192.com/atoz/people/lee/barbara/,benign,0,44,11,25,4,0,0,0,0,2,0,1,1,1,3,31,5,1,1,3934
https://www.cmha.ca/bins/site_page.asp?cid=284-1561-1567-1787-1790,benign,0,66,11,19,4,1,0,1,0,3,1,1,1,1,19,32,2,1,1,3934
http://www.huanqiucaijing.cn/wp-admin/en/B/,malicious,1,43,21,15,8,0,0,0,0,2,0,1,0,1,0,33,4,1,1,3934
https://www.cleveland.com/pdq/index.ssf/2011/11/ten_minutes_with_debbie_barnes.html,benign,0,83,17,58,3,4,0,0,0,4,0,1,1,1,6,61,5,1,1,3934
https://www.youtube.com/watch?v=QmZO70SZ568,benign,0,43,15,6,5,0,0,1,0,2,1,1,1,1,5,30,1,1,1,3934
https://www.villagevoice.com/related/to/Dov+Charney/,benign,0,52,20,24,7,0,0,0,0,2,0,1,1,1,0,42,4,1,1,3934
https://www.ism.uw.edu.pl/,benign,0,26,17,1,0,0,0,0,0,4,0,1,1,1,0,18,1,1,1,3934
http://peniuk.com/mail1.php?,malicious,1,28,10,10,9,0,0,1,0,2,0,1,0,0,1,20,1,1,1,3934
https://www.profectio.com/logibec-groupe-informatique-ltd-acquires-reps-software/,benign,0,81,17,56,54,0,0,0,0,2,0,1,1,1,0,68,2,1,1,3934
https://www.tennessee.gov/tsla/history/military/ww1maury.htm,benign,0,60,17,35,4,0,0,0,0,3,0,1,1,1,1,49,4,1,1,3934
https://www.snhc.com/EventsWeveHad.htm,benign,0,38,12,18,17,0,0,0,0,3,0,1,1,1,0,31,1,1,1,3934
